{
  "project_info": {
    "project_number": "784792836817",
    "firebase_url": "https://nav-city-default-rtdb.firebaseio.com",
    "project_id": "nav-city",
    "storage_bucket": "nav-city.appspot.com"
  },
  "client": [
    {
      "client_info": {
        "mobilesdk_app_id": "1:784792836817:android:db0d6331c62e61bb0b43f0",
        "android_client_info": {
          "package_name": "com.desma.navcity"
        }
      },
      "oauth_client": [
        {
          "client_id": "784792836817-vlqg8o6mr514s2cd1vhdf626smq1bfcl.apps.googleusercontent.com",
          "client_type": 1,
          "android_info": {
            "package_name": "com.desma.navcity",
            "certificate_hash": "f706ce1c8ebad10f00ffaa10e5d97b56186bca18"
          }
        },
        {
          "client_id": "784792836817-qm06r3e7c619ds1np7fcn88r0drr1h77.apps.googleusercontent.com",
          "client_type": 3
        }
      ],
      "api_key": [
        {
          "current_key": "AIzaSyAmgHQMAAjJzh5K8gK5EghiO01UUEQvQ94"
        }
      ],
      "services": {
        "appinvite_service": {
          "other_platform_oauth_client": [
            {
              "client_id": "784792836817-qm06r3e7c619ds1np7fcn88r0drr1h77.apps.googleusercontent.com",
              "client_type": 3
            }
          ]
        }
      }
    }
  ],
  "configuration_version": "1"
}